pokemonName,location,encounterType,gameVersions,seasons,levelRange,details,floor,rarity,modifier,formInformation
Patrat,Route 1,Walking,Black/White,All,2-4,,,Common,,
Lillipup,Route 1,Walking,Black/White,All,2-4,,,Common,,
Watchog,Route 1,Walking,Black 2/White 2,All,56-59,,,Common,,
Herdier,Route 1,Walking,Black 2/White 2,All,56-59,,,Common,,
Jigglypuff,Route 1,Walking,Black 2/White 2,All,57,,,Uncommon,,
Watchog,Route 1,Walking,Black/White,All,32-35,,,Common,Double Grass,
Herdier,Route 1,Walking,Black/White,All,32-34,,,Common,Double Grass,
Scraggy,Route 1,Walking,Black/White,All,33-35,,,Common,Double Grass,
Watchog,Route 1,Walking,Black 2/White 2,All,64-67,,,Common,Double Grass,
Herdier,Route 1,Walking,Black 2/White 2,All,64-67,,,Common,Double Grass,
Jigglypuff,Route 1,Walking,Black 2/White 2,All,65,,,Uncommon,Double Grass,
Scrafty,Route 1,Walking,Black 2/White 2,All,66-67,,,Uncommon,Double Grass,
Audino,Route 1,Walking,Black/White,All,2-4,,,Common,Shaking/Bubbling spots,
Audino,Route 1,Walking,Black 2/White 2,All,56-59,,,Common,Shaking/Bubbling spots,
Wigglytuff,Route 1,Walking,Black 2/White 2,All,59,,,Rare,Shaking/Bubbling spots,
Stoutland,Route 1,Walking,Black 2/White 2,All,59,,,Rare,Shaking/Bubbling spots,
Dunsparce,Route 1,Walking,Black 2/White 2,All,57,,,Uncommon,Shaking/Bubbling spots,
Farfetch'd,Route 1,Walking,Black/White,All,2,,,Common,Swarm,
Basculin,Route 1,Surfing,Black/White,All,5-15,,,Common,,Red-Striped Form
Basculin,Route 1,Surfing,Black 2/White 2,All,45-60,,,Common,,Red-Striped Form
Basculin,Route 1,Surfing,Black/White,All,5-20,,,Common,Shaking/Bubbling spots,Red-Striped Form
Basculin,Route 1,Surfing,Black 2/White 2,All,45-60,,,Common,Shaking/Bubbling spots,Red-Striped Form
Basculin,Route 1,Super Rod,Black/White,All,35-55,,,Common,,Red-Striped Form
Basculin,Route 1,Super Rod,Black 2/White 2,All,40-70,,,Common,,Red-Striped Form
Feebas,Route 1,Super Rod,Black/White,All,35-55,,,Rare,,
Feebas,Route 1,Super Rod,Black 2/White 2,All,50-70,,,Rare,,
Feebas,Route 1,Super Rod,Black/White,All,35-60,,,Common,Shaking/Bubbling spots,
Basculin,Route 1,Super Rod,Black/White,All,35-70,,,Common,Shaking/Bubbling spots,Red-Striped Form
Feebas,Route 1,Super Rod,Black 2/White 2,All,40-70,,,Common,Shaking/Bubbling spots,
Basculin,Route 1,Super Rod,Black 2/White 2,All,40-60,,,Common,Shaking/Bubbling spots,Red-Striped Form
Milotic,Route 1,Super Rod,Black/White,All,45-70,,,Rare,Shaking/Bubbling spots,
Milotic,Route 1,Super Rod,Black 2/White 2,All,50-70,,,Rare,Shaking/Bubbling spots,
Patrat,Route 2,Walking,Black/White,All,4-7,,,Common,,
Lillipup,Route 2,Walking,Black/White,All,4-7,,,Common,,
Watchog,Route 2,Walking,Black 2/White 2,All,56-59,,,Common,,
Herdier,Route 2,Walking,Black 2/White 2,All,56-59,,,Common,,
Purrloin,Route 2,Walking,Black/White,All,4-5,,,Uncommon,,
Jigglypuff,Route 2,Walking,Black 2/White 2,All,57,,,Uncommon,,
Lickitung,Route 2,Walking,Black 2/White 2,All,58,,,Uncommon,,
Liepard,Route 2,Walking,Black 2/White 2,All,57-58,,,Uncommon,,
Audino,Route 2,Walking,Black/White,All,4-7,,,Common,Shaking/Bubbling spots,
Audino,Route 2,Walking,Black 2/White 2,All,56-59,,,Common,Shaking/Bubbling spots,
Wigglytuff,Route 2,Walking,Black 2/White 2,All,59,,,Rare,Shaking/Bubbling spots,
Lickilicky,Route 2,Walking,Black 2/White 2,All,59,,,Rare,Shaking/Bubbling spots,
Stoutland,Route 2,Walking,Black 2/White 2,All,59,,,Rare,Shaking/Bubbling spots,
Dunsparce,Route 2,Walking,Black 2/White 2,All,57-58,,,Uncommon,Shaking/Bubbling spots,
Patrat,Route 2,Walking,Black/White,All,4-8,,,Common,Swarm,
Pidove,Route 3,Walking,Black/White,All,8-11,,,Common,,
Tranquill,Route 3,Walking,Black 2/White 2,All,55-57,,,Common,,
Patrat,Route 3,Walking,Black/White,All,8-11,,,Uncommon,,
Lillipup,Route 3,Walking,Black/White,All,9,,,Uncommon,,
Purrloin,Route 3,Walking,Black/White,All,9,,,Uncommon,,
Blitzle,Route 3,Walking,Black/White,All,8-11,,,Uncommon,,
Yanma,Route 3,Walking,Black 2/White 2,All,56,,,Uncommon,,
Watchog,Route 3,Walking,Black 2/White 2,All,55,,,Uncommon,,
Herdier,Route 3,Walking,Black 2/White 2,All,57,,,Uncommon,,
Purrloin,Route 3,Walking,Black 2/White 2,All,57,,,Uncommon,,
Zebstrika,Route 3,Walking,Black 2/White 2,All,56-58,,,Uncommon,,
Pidove,Route 3,Walking,Black/White,All,10-13,,,Common,Double Grass,
Tranquill,Route 3,Walking,Black 2/White 2,All,63-65,,,Common,Double Grass,
Patrat,Route 3,Walking,Black/White,All,10,,,Uncommon,Double Grass,
Lillipup,Route 3,Walking,Black/White,All,11,,,Uncommon,Double Grass,
Purrloin,Route 3,Walking,Black/White,All,11,,,Uncommon,Double Grass,
Blitzle,Route 3,Walking,Black/White,All,10-13,,,Uncommon,Double Grass,
Yanma,Route 3,Walking,Black 2/White 2,All,64,,,Uncommon,Double Grass,
Watchog,Route 3,Walking,Black 2/White 2,All,63,,,Uncommon,Double Grass,
Herdier,Route 3,Walking,Black 2/White 2,All,65,,,Uncommon,Double Grass,
Purrloin,Route 3,Walking,Black 2/White 2,All,65,,,Uncommon,Double Grass,
Zebstrika,Route 3,Walking,Black 2/White 2,All,64-66,,,Uncommon,Double Grass,
Audino,Route 3,Walking,Black/White,All,8-11,,,Common,Shaking/Bubbling spots,
Audino,Route 3,Walking,Black 2/White 2,All,55-58,,,Common,Shaking/Bubbling spots,
Yanmega,Route 3,Walking,Black 2/White 2,All,58,,,Rare,Shaking/Bubbling spots,
Stoutland,Route 3,Walking,Black 2/White 2,All,58,,,Rare,Shaking/Bubbling spots,
Unfezant,Route 3,Walking,Black 2/White 2,All,58,,,Rare,Shaking/Bubbling spots,
Volbeat,Route 3,Walking,Black,All,8,,,Common,Swarm,
Illumise,Route 3,Walking,White,All,8,,,Common,Swarm,
Basculin,Route 3,Surfing,Black/White,All,5-15,,,Common,,Red-Striped Form
Corphish,Route 3,Surfing,Black 2/White 2,All,45-60,,,Common,,
Basculin,Route 3,Surfing,Black 2/White 2,All,45-60,,,Common,,Red-Striped Form
Basculin,Route 3,Surfing,Black/White,All,5-20,,,Common,,Red-Striped Form
Corphish,Route 3,Surfing,Black 2/White 2,All,45-60,,,Common,,
Basculin,Route 3,Surfing,Black 2/White 2,All,45-60,,,Common,,Red-Striped Form
Crawdaunt,Route 3,Surfing,Black 2/White 2,All,50-60,,,Uncommon,,
Goldeen,Route 3,Super Rod,Black/White,All,35-55,,,Common,,
Basculin,Route 3,Super Rod,Black/White,All,35-55,,,Common,,Red-Striped Form
Goldeen,Route 3,Super Rod,Black 2/White 2,All,40-70,,,Common,Shaking/Bubbling spots,
Basculin,Route 3,Super Rod,Black 2/White 2,All,40-60,,,Common,Shaking/Bubbling spots,Red-Striped Form
Goldeen,Route 3,Super Rod,Black/White,All,35-60,,,Common,Shaking/Bubbling spots,
Basculin,Route 3,Super Rod,Black/White,All,35-60,,,Common,Shaking/Bubbling spots,Red-Striped Form
Goldeen,Route 3,Super Rod,Black 2/White 2,All,40-60,,,Common,Shaking/Bubbling spots,
Basculin,Route 3,Super Rod,Black 2/White 2,All,40-60,,,Common,Shaking/Bubbling spots,Red-Striped Form
Seaking,Route 3,Super Rod,Black/White,All,35-70,,,Uncommon,Shaking/Bubbling spots,
Seaking,Route 3,Super Rod,Black 2/White 2,All,50-70,,,Uncommon,Shaking/Bubbling spots,
Sandile,Route 4,Walking,Black/White,All,15-18,,,Common,,
Darumaka,Route 4,Walking,Black/White,All,15-18,,,Common,,
Sandile,Route 4,Walking,Black 2/White 2,All,14-17,,,Common,,
Darumaka,Route 4,Walking,Black 2/White 2,All,14-17,,,Common,,
Trubbish,Route 4,Walking,Black 2,All,14-17,,,Common,,
Minccino,Route 4,Walking,White 2,All,14-17,,,Common,,
Scraggy,Route 4,Walking,Black 2/White 2,All,17,,,Rare,,
Scraggy,Route 4,Walking,Black/White,All,16-17,,,Uncommon,,
Hippopotas,Route 4,Walking,Black/White,All,15,,,Common,Swarm,
Frillish,Route 4,Surfing,Black/White/Black 2/White 2,All,5-15,,,Common,,
Alomomola,Route 4,Surfing,Black/White/Black 2/White 2,All,5-20,,,Common,,
Jellicent,Route 4,Surfing,Black/White/Black 2/White 2,All,5-20,,,Rare,,
Krabby,Route 4,Super Rod,Black/White,All,35-55,,,Common,,
Clamperl,Route 4,Super Rod,Black/White,All,35-55,,,Common,,
Clamperl,Route 4,Super Rod,Black 2/White 2,All,40-60,,,Common,,
Finneon,Route 4,Super Rod,Black 2/White 2,All,40-70,,,Common,,
Luvdisc,Route 4,Super Rod,Black/White,All,35-55,,,Rare,,
Qwilfish,Route 4,Super Rod,Black 2/White 2,All,50-70,,,Rare,,
Relicanth,Route 4,Super Rod,Black/White,All,35-60,,,Common,,
Luvdisc,Route 4,Super Rod,Black/White,All,35-60,,,Common,,
Qwilfish,Route 4,Super Rod,Black 2/White 2,All,40-60,,,Common,,
Lumineon,Route 4,Super Rod,Black 2/White 2,All,40-60,,,Common,,
Kingler,Route 4,Super Rod,Black/White,All,35-70,,,Rare,,
Huntail,Route 4,Super Rod,Black,All,45-70,,,Rare,,
Gorebyss,Route 4,Super Rod,White,All,45-70,,,Rare,,
Huntail,Route 4,Super Rod,Black 2,All,50-70,,,Rare,,
Gorebyss,Route 4,Super Rod,White 2,All,50-70,,,Rare,,
Relicanth,Route 4,Super Rod,Black 2/White 2,All,50-70,,,Rare,,
Braviary,Route 4,Interact,White 2,All,25,Monday,,Limited,,
Mandibuzz,Route 4,Interact,Black 2,All,25,Thursday,,Limited,,
Cottonee,Route 4,Trade,White 2,All,20,Trade Petilil,,Limited,,
Petilil,Route 4,Trade,Black 2,All,20,Trade Cottonee,,Limited,,
Minccino,Route 5,Walking,Black/White,All,19-22,,,Common,,
Gothita,Route 5,Walking,Black,All,19-22,,,Common,,
Solosis,Route 5,Walking,White,All,19-22,,,Common,,
Minccino,Route 5,Walking,White 2,All,21-23,,,Common,,
Minccino,Route 5,Walking,Black 2,All,21-24,,,Common,,
Gothita,Route 5,Walking,Black 2,All,21-24,,,Common,,
Solosis,Route 5,Walking,White 2,All,21-24,,,Common,,
Liepard,Route 5,Walking,Black/White,All,20-22,,,Uncommon,,
Trubbish,Route 5,Walking,Black/White,All,19-21,,,Uncommon,,
Liepard,Route 5,Walking,Black 2/White 2,All,22-24,,,Uncommon,,
Trubbish,Route 5,Walking,Black 2,All,21-23,,,Uncommon,,
Trubbish,Route 5,Walking,White 2,All,21-24,,,Uncommon,,
Minccino,Route 5,Walking,Black/White,All,22-25,,,Common,Double Grass,
Gothita,Route 5,Walking,Black,All,22-25,,,Common,Double Grass,
Solosis,Route 5,Walking,White,All,22-25,,,Common,Double Grass,
Minccino,Route 5,Walking,Black 2,All,23-26,,,Common,Double Grass,
Minccino,Route 5,Walking,White 2,All,23-25,,,Common,Double Grass,
Gothita,Route 5,Walking,Black 2,All,23-26,,,Common,Double Grass,
Solosis,Route 5,Walking,White 2,All,23-26,,,Common,Double Grass,
Liepard,Route 5,Walking,Black/White,All,23-25,,,Common,Double Grass,
Trubbish,Route 5,Walking,Black/White,All,22-24,,,Common,Double Grass,
Liepard,Route 5,Walking,Black 2/White 2,All,24-26,,,Uncommon,Double Grass,
Trubbish,Route 5,Walking,Black 2,All,23-25,,,Uncommon,Double Grass,
Trubbish,Route 5,Walking,White 2,All,23-26,,,Uncommon,Double Grass,
Audino,Route 5,Walking,Black/White,All,19-22,,,Common,Shaking/Bubbling spots,
Audino,Route 5,Walking,Black 2/White 2,All,21-24,,,Common,Shaking/Bubbling spots,
Cinccino,Route 5,Walking,Black/White,All,22,,,Rare,Shaking/Bubbling spots,
Cinccino,Route 5,Walking,Black 2/White 2,All,24,,,Rare,Shaking/Bubbling spots,
Emolga,Route 5,Walking,Black/White,All,20,,,Uncommon,Shaking/Bubbling spots,
Emolga,Route 5,Walking,Black 2/White 2,All,22,,,Uncommon,Shaking/Bubbling spots,
Smeargle,Route 5,Walking,Black/White,All,19,,,Common,Swarm,
Deerling,Route 6,Walking,Black/White,All,22-24,,,Common,,
Karrablast,Route 6,Walking,Black/White,All,22-24,,,Common,,
Deerling,Route 6,Walking,Black 2/White 2,All,23-25,,,Common,,
Karrablast,Route 6,Walking,White 2,All,23-26,,,Common,,
Shelmet,Route 6,Walking,Black 2,All,23-26,,,Common,,
Marill,Route 6,Walking,Black 2/White 2,All,25,,,Rare,,
Karrablast,Route 6,Walking,Black 2,All,23,,,Rare,,
Shelmet,Route 6,Walking,White 2,All,23,,,Rare,,
Tranquill,Route 6,Walking,Black/White,All,23-25,,,Uncommon,,
Swadloon,Route 6,Walking,Black/White,All,23,,,Uncommon,,
Vanillite,Route 6,Walking,Black/White,Winter,23-25,,,Uncommon,,
Foongus,Route 6,Walking,Black/White,All,23-25,,,Uncommon,,
Tranquill,Route 6,Walking,Black 2/White 2,All,26,,,Uncommon,,
Swadloon,Route 6,Walking,Black 2/White 2,All,26,,,Uncommon,,
Foongus,Route 6,Walking,Black 2/White 2,All,26,,,Uncommon,,
Deerling,Route 6,Walking,Black/White/Black 2/White 2,All,26-28,,,Common,,
Karrablast,Route 6,Walking,Black/White,All,26-28,,,Common,,
Karrablast,Route 6,Walking,White 2,All,26-29,,,Common,,
Shelmet,Route 6,Walking,Black 2,All,26-29,,,Common,,
Marill,Route 6,Walking,Black 2/White 2,All,28,,,Rare,,
Karrablast,Route 6,Walking,Black 2,All,26,,,Rare,,
Shelmet,Route 6,Walking,White 2,All,26,,,Rare,,
Tranquill,Route 6,Walking,Black/White,Spring/Summer/Autumn,27-29,,,Uncommon,,
Swadloon,Route 6,Walking,Black/White,All,27,,,Uncommon,,
Vanillite,Route 6,Walking,Black/White,Winter,27-29,,,Uncommon,,
Foongus,Route 6,Walking,Black/White,All,27-29,,,Uncommon,,
Tranquill,Route 6,Walking,Black 2/White 2,All,29,,,Uncommon,,
Swadloon,Route 6,Walking,Black 2/White 2,All,29,,,Uncommon,,
Foongus,Route 6,Walking,Black 2/White 2,All,29,,,Uncommon,,
Audino,Route 6,Walking,Black/White,All,22-25,,,Common,,
Audino,Route 6,Walking,Black 2/White 2,All,23-25,,,Common,,
Unfezant,Route 6,Walking,Black/White,All,25,,,Rare,,
Leavanny,Route 6,Walking,Black/White,All,25,,,Rare,,
Azumarill,Route 6,Walking,Black 2/White 2,All,26,,,Rare,,
Castform,Route 6,Walking,Black 2/White 2,All,26,,,Rare,,
Unfezant,Route 6,Walking,Black 2/White 2,All,26,,,Rare,,
Leavanny,Route 6,Walking,Black 2/White 2,All,26,,,Rare,,
Emolga,Route 6,Walking,Black/White,All,23-25,,,Uncommon,,
Dunspare,Route 6,Walking,Black 2/White 2,All,25,,,Uncommon,,
Emolga,Route 6,Walking,Black 2/White 2,All,24-25,,,Uncommon,,
Plusle,Route 6,Walking,Black,All,22,,,Common,Swarm,
Minun,Route 6,Walking,White,All,22,,,Common,Swarm,
Basculin,Route 6,Surfing,Black/White/Black 2,All,10-25,,,Common,,Red-Striped Form
Marill,Route 6,Surfing,Black 2,All,10-25,,,Common,,
Marill,Route 6,Surfing,White 2,All,10-30,,,Common,,
Basculin,Route 6,Surfing,White 2,All,10-30,,,Common,,Red-Striped Form
Basculin,Route 6,Surfing,Black/White/Black 2/White 2,All,10-30,,,Common,Shaking/Bubbling spots,Red-Striped Form
Marill,Route 6,Surfing,Black 2/White 2,All,10-30,,,Common,Shaking/Bubbling spots,
Azumarill,Route 6,Surfing,Black 2/White 2,All,10-30,,,Rare,Shaking/Bubbling spots,
Poliwag,Route 6,Super Rod,Black/White,All,35-55,,,Common,,
Basculin,Route 6,Super Rod,Black/White,All,35-55,,,Common,,Red-Striped Form
Poliwag,Route 6,Super Rod,Black 2/White 2,All,40-70,,,Common,,
Basculin,Route 6,Super Rod,Black 2/White 2,All,40-60,,,Common,,Red-Striped Form
Poliwhirl,Route 6,Super Rod,Black/White,All,35-55,,,Rare,,
Poliwhirl,Route 6,Super Rod,Black/White,All,35-70,,,Common,Shaking/Bubbling spots,
Basculin,Route 6,Super Rod,Black/White,All,35-60,,,Common,Shaking/Bubbling spots,Red-Striped Form
Poliwhirl,Route 6,Super Rod,Black 2/White 2,All,40-70,,,Common,Shaking/Bubbling spots,
Basculin,Route 6,Super Rod,Black 2/White 2,All,40-60,,,Common,Shaking/Bubbling spots,Red-Striped Form
Politoed,Route 6,Super Rod,Black/White,All,45-70,,,Rare,Shaking/Bubbling spots,
Politoed,Route 6,Super Rod,Black 2/White 2,All,50-70,,,Rare,Shaking/Bubbling spots,
Foongus,Route 6,Interact,Black/White,All,20,,,Limited,,
Tranquill,Route 7,Walking,Black/White,Spring/Summer/Autumn,26-28,,,Common,,
Cubchoo,Route 7,Walking,Black/White,Winter,26-28,,,Common,,
Tranquill,Route 7,Walking,Black 2/White 2,Spring/Summer/Autumn,30-32,,,Common,,
Cubchoo,Route 7,Walking,Black 2/White 2,Winter,30-33,,,Common,,
Zangoose,Route 7,Walking,Black 2/White 2,All,32,,,Rare,,
Seviper,Route 7,Walking,Black 2/White 2,All,32,,,Rare,,
Foongus,Route 7,Walking,Black 2/White 2,All,33,,,Rare,,
Watchog,Route 7,Walking,Black/White,All,27-29,,,Uncommon,,
Zebstrika,Route 7,Walking,Black/White,All,23-29,,,Uncommon,,
Deerling,Route 7,Walking,Black/White,All,26,,,Uncommon,,
Foongus,Route 7,Walking,Black/White,All,27-29,,,Uncommon,,
Watchog,Route 7,Walking,Black 2/White 2,Spring/Summer/Autumn,31-33,,,Uncommon,,
Watchog,Route 7,Walking,Black 2/White 2,Winter,31,,,Uncommon,,
Tranquill,Route 7,Walking,Black 2/White 2,Winter,30,,,Uncommon,,
Zebstrika,Route 7,Walking,Black 2/White 2,All,31-33,,,Uncommon,,
Deerling,Route 7,Walking,Black 2/White 2,All,30,,,Uncommon,,
Tranquill,Route 7,Walking,Black/White,Spring/Summer/Autumn,30-32,,,Common,Double Grass,
Cubchoo,Route 7,Walking,Black/White,Winter,30-32,,,Common,Double Grass,
Tranquill,Route 7,Walking,Black 2/White 2,Spring/Summer/Autumn,33-35,,,Common,Double Grass,
Cubchoo,Route 7,Walking,Black 2/White 2,Winter,33-36,,,Common,Double Grass,
Zangoose,Route 7,Walking,Black 2/White 2,All,35,,,Rare,Double Grass,
Seviper,Route 7,Walking,Black 2/White 2,All,35,,,Rare,Double Grass,
Foongus,Route 7,Walking,Black 2/White 2,All,36,,,Rare,Double Grass,
Watchog,Route 7,Walking,Black/White,All,31-33,,,Uncommon,Double Grass,
Zebstrika,Route 7,Walking,Black/White,All,31-33,,,Uncommon,Double Grass,
Deerling,Route 7,Walking,Black/White,All,30,,,Uncommon,Double Grass,
Foongus,Route 7,Walking,Black/White,All,31-33,,,Uncommon,Double Grass,
Watchog,Route 7,Walking,Black 2/White 2,Spring/Summer/Autumn,34-36,,,Uncommon,Double Grass,
Watchog,Route 7,Walking,Black 2/White 2,Winter,34,,,Uncommon,Double Grass,
Tranquill,Route 7,Walking,Black 2/White 2,Winter,33,,,Uncommon,Double Grass,
Zebstrika,Route 7,Walking,Black 2/White 2,All,34-36,,,Uncommon,Double Grass,
Deerling,Route 7,Walking,Black 2/White 2,All,33,,,Uncommon,Double Grass,
Audino,Route 7,Walking,Black/White,All,26-29,,,Common,Shaking/Bubbling spots,
Audino,Route 7,Walking,Black 2/White 2,All,30-33,,,Common,Shaking/Bubbling spots,
Unfezant,Route 7,Walking,Black/White,Spring/Summer/Autumn,29,,,Rare,Shaking/Bubbling spots,
Unfezant,Route 7,Walking,Black 2/White 2,All,33,,,Rare,Shaking/Bubbling spots,
Emolga,Route 7,Walking,Black/White,Spring/Summer/Autumn,27,,,Uncommon,Shaking/Bubbling spots,
Emolga,Route 7,Walking,Black/White,Winter,27-29,,,Uncommon,Shaking/Bubbling spots,
Emolga,Route 7,Walking,Black 2/White 2,All,31,,,Uncommon,Shaking/Bubbling spots,
Sentret,Route 7,Walking,Black/White,All,26,,,Common,Swarm,
Emolga,Route 7,Trade,Black/White,All,30,Trade Boldore,,Limited,,
Gigalith,Route 7,Trade,Black 2/White 2,All,35,Trade Emolga,,Limited,,
Palpitoad,Route 8,Walking,Black/White,Spring/Summer/Autumn,30-33,,,Common,,
Shelmet,Route 8,Walking,Black/White,Spring/Summer/Autumn,30-33,,,Common,,
Palpitoad,Route 8,Walking,Black 2/White 2,Spring/Summer/Autumn,54-57,,,Common,,
Karrablast,Route 8,Walking,Black 2,Spring/Summer/Autumn,57,,,Rare,,
Shelmet,Route 8,Walking,White 2,Spring/Summer/Autumn,57,,,Rare,,
Stunfisk,Route 8,Walking,Black/White,Spring/Summer/Autumn,31-32,,,Uncommon,,
Croagunk,Route 8,Walking,Black 2/White 2,Spring/Summer/Autumn,55-56,,,Uncommon,,
Karrablast,Route 8,Walking,White 2,Spring/Summer/Autumn,54,,,Uncommon,,
Shelmet,Route 8,Walking,Black 2,Spring/Summer/Autumn,54,,,Uncommon,,
Stunfisk,Route 8,Walking,Black 2/White 2,Spring/Summer/Autumn,55-56,,,Uncommon,,
Croagunk,Route 8,Walking,Black/White,All,30,,,Common,Swarm,
Stunfisk,Route 8,Surfing,Black/White,All,15-35,,,Common,,
Palpitoad,Route 8,Surfing,Black 2/White 2,All,45-60,,,Common,,
Stunfisk,Route 8,Surfing,Black 2/White 2,All,45-60,,,Common,,
Stunfisk,Route 8,Surfing,Black/White,All,15-40,,,Common,Shaking/Bubbling spots,
Palpitoad,Route 8,Surfing,Black 2/White 2,All,45-60,,,Common,Shaking/Bubbling spots,
Stunfisk,Route 8,Surfing,Black 2/White 2,All,45-60,,,Common,Shaking/Bubbling spots,
Seismitoad,Route 8,Surfing,Black/White,All,15-40,,,Rare,Shaking/Bubbling spots,
Seismitoad,Route 8,Surfing,Black 2/White 2,Summer/Autumn/Winter,50-60,,,Rare,Shaking/Bubbling spots,
Seismitoad,Route 8,Surfing,Black 2/White 2,Spring,60,,,Rare,Shaking/Bubbling spots,
Barboach,Route 8,Super Rod,Black/White,All,35-55,,,Common,,
Stunfisk,Route 8,Super Rod,Black/White,All,35-55,,,Common,,
Barboach,Route 8,Super Rod,Black 2/White 2,All,45-60,,,Common,,
Stunfisk,Route 8,Super Rod,Black 2/White 2,All,45-60,,,Common,,
Barboach,Route 8,Super Rod,Black/White,All,35-60,,,Common,Shaking/Bubbling spots,
Stunfisk,Route 8,Super Rod,Black/White,All,35-60,,,Common,Shaking/Bubbling spots,
Barboach,Route 8,Super Rod,Black 2/White 2,All,45-60,,,Common,Shaking/Bubbling spots,
Stunfisk,Route 8,Super Rod,Black 2/White 2,All,45-60,,,Common,Shaking/Bubbling spots,
Whiscash,Route 8,Super Rod,Black/White,All,35-70,,,Uncommon,Shaking/Bubbling spots,
Whiscash,Route 8,Super Rod,Black 2/White 2,Summer/Autumn/Winter,50-60,,,Uncommon,Shaking/Bubbling spots,
Whiscash,Route 8,Super Rod,Black 2/White 2,Spring,60,,,Uncommon,Shaking/Bubbling spots,
Gothorita,Route 9,Walking,Black,,31-34,,,Common,,
Duosion,Route 9,Walking,White,All,31-34,,,Common,,
Minccino,Route 9,Walking,Black 2/White 2,All,37-39,,,Common,,
Gothorita,Route 9,Walking,Black 2,All,37-39,,,Common,,
Duosion,Route 9,Walking,White 2,All,37-39,,,Common,,
Muk,Route 9,Walking,Black 2/White 2,All,40,,,Rare,,
Liepard,Route 9,Walking,Black/White,All,33,,,Uncommon,,
Garbodor,Route 9,Walking,Black/White,All,31-33,,,Uncommon,,
Minccino,Route 9,Walking,Black/White,All,32,,,Uncommon,,
Pawniard,Route 9,Walking,Black/White,All,31-34,,,Uncommon,,
Liepard,Route 9,Walking,Black 2/White 2,All,40,,,Uncommon,,
Garbodor,Route 9,Walking,Black 2/White 2,All,38-40,,,Uncommon,,
Pawniard,Route 9,Walking,Black 2/White 2,All,38-40,,,Uncommon,,
Gothorita,Route 9,Walking,Black,All,36-39,,,Common,Double Grass,
Duosion,Route 9,Walking,White,All,36-39,,,Common,Double Grass,
Minccino,Route 9,Walking,Black 2/White 2,All,41-43,,,Common,Double Grass,
Gothorita,Route 9,Walking,Black 2,All,41-43,,,Common,Double Grass,
Duosion,Route 9,Walking,White 2,All,41-43,,,Common,Double Grass,
Muk,Route 9,Walking,Black 2/White 2,All,44,,,Rare,Double Grass,
Liepard,Route 9,Walking,Black/White,All,38,,,Uncommon,Double Grass,
Garbodor,Route 9,Walking,Black/White,All,36-38,,,Uncommon,Double Grass,
Minccino,Route 9,Walking,Black/White,All,37,,,Uncommon,Double Grass,
Pawniard,Route 9,Walking,Black/White,All,36-39,,,Uncommon,Double Grass,
Liepard,Route 9,Walking,Black 2/White 2,All,44,,,Uncommon,Double Grass,
Garbodor,Route 9,Walking,Black 2/White 2,All,42-44,,,Uncommon,Double Grass,
Pawniard,Route 9,Walking,Black 2/White 2,All,42-44,,,Uncommon,Double Grass,
Audino,Route 9,Walking,Black/White,All,31-34,,,Common,Shaking/Bubbling spots,
Audino,Route 9,Walking,Black 2/White 2,All,37-40,,,Common,Shaking/Bubbling spots,
Cinccino,Route 9,Walking,Black/White,All,34,,,Rare,Shaking/Bubbling spots,
Gothitelle,Route 9,Walking,Black,All,34,,,Rare,Shaking/Bubbling spots,
Reuniclus,Route 9,Walking,White,All,34,,,Rare,Shaking/Bubbling spots,
Cinccino,Route 9,Walking,Black 2/White 2,All,40,,,Rare,Shaking/Bubbling spots,
Gothitelle,Route 9,Walking,Black 2,All,40,,,Rare,Shaking/Bubbling spots,
Reuniclus,Route 9,Walking,White 2,All,40,,,Rare,Shaking/Bubbling spots,
Emolga,Route 9,Walking,Black/White,All,32,,,Uncommon,Shaking/Bubbling spots,
Emolga,Route 9,Walking,Black 2/White 2,All,38,,,Uncommon,Shaking/Bubbling spots,
Houndour,Route 9,Walking,Black,All,31-32,,,Common,Swarm,
Poochyena,Route 9,Walking,White,All,31-32,,,Common,Swarm,
Herdier,Route 10,Walking,Black/White,All,33-34,,,Common,,
Rufflet,Route 10,Walking,White,All,34-36,,,Common,,
Vullaby,Route 10,Walking,Black,All,34-36,,,Common,,
Throh,Route 10,Walking,White,All,33-36,,,Uncommon,,
Sawk,Route 10,Walking,Black,All,33-36,,,Uncommon,,
Foongus,Route 10,Walking,Black/White,All,34-35,,,Uncommon,,
Bouffalant,Route 10,Walking,Black/White,All,34-35,,,Uncommon,,
Herdier,Route 10,Walking,Black/White,All,38-39,,,Common,Double Grass,
Rufflet,Route 10,Walking,White,All,39-41,,,Common,Double Grass,
Vullaby,Route 10,Walking,Black,All,39-41,,,Common,Double Grass,
Throh,Route 10,Walking,White,All,38-41,,,Uncommon,Double Grass,
Sawk,Route 10,Walking,Black,All,38-41,,,Uncommon,Double Grass,
Amoonguss,Route 10,Walking,Black/White,All,39=40,,,Uncommon,Double Grass,
Bouffalant,Route 10,Walking,Black/White,All,39-40,,,Uncommon,Double Grass,
Audino,Route 10,Walking,Black/White,All,33-36,,,Common,Shaking/Bubbling spots,
Stoutland,Route 10,Walking,Black/White,All,36,,,Rare,Shaking/Bubbling spots,
Throh,Route 10,Walking,Black,All,36,,,Rare,Shaking/Bubbling spots,
Sawk,Route 10,Walking,White,All,36,,,Rare,Shaking/Bubbling spots,
Emolga,Route 10,Walking,Black/White,All,34,,,Uncommon,Shaking/Bubbling spots,
Tyrogue,Route 10,Walking,Black/White,All,33-34,,,Common,Swarm,
Foongus,Route 10,Interact,Black/White,All,30,,,Limited,,
Amoonguss,Route 10,Interact,Black/White,All,40,,,Limited,,
Rufflet,Route 11,Walking,White,All,48-50,,,Common,,
Vullaby,Route 11,Walking,Black,All,48-50,,,Common,,
Karrablast,Route 11,Walking,White 2,All,36-39,,,Common,,
Shelmet,Route 11,Walking,Black 2,All,36-39,,,Common,,
Karrablast,Route 11,Walking,Black/White,All,49,,,Rare,,
Pawniard,Route 11,Walking,Black/White,All,50,,,Rare,,
Karrablast,Route 11,Walking,Black 2,All,36,,,Rare,,
Amoonguss,Route 11,Walking,Black 2/White 2,All,37,,,Rare,,
Shelmet,Route 11,Walking,White 2,All,36,,,Rare,,
Golduck,Route 11,Walking,Black/White,All,47,,,Uncommon,,
Gligar,Route 11,Walking,Black/White,All,47-50,,,Uncommon,,
Zangoose,Route 11,Walking,Black/White,All,48,,,Uncommon,,
Seviper,Route 11,Walking,Black/White,All,48,,,Uncommon,,
Amoonguss,Route 11,Walking,Black/White,All,48,,,Uncommon,,
Golduck,Route 11,Walking,Black 2/White 2,All,36,,,Uncommon,,
Marill,Route 11,Walking,Black 2/White 2,All,36,,,Uncommon,,
Gligar,Route 11,Walking,Black 2/White 2,All,37-39,,,Uncommon,,
Zangoose,Route 11,Walking,Black 2/White 2,All,38,,,Uncommon,,
Seviper,Route 11,Walking,Black 2/White 2,All,38,,,Uncommon,,
Braviary,Route 11,Walking,White,All,58-60,,,Common,Double Grass,
Mandibuzz,Route 11,Walking,Black,All,58-60,,,Common,Double Grass,
Karrablast,Route 11,Walking,White 2,All,40-43,,,Common,Double Grass,
Shelmet,Route 11,Walking,Black 2,All,40-43,,,Common,Double Grass,
Karrablast,Route 11,Walking,Black/White,All,59,,,Rare,Double Grass,
Bisharp,Route 11,Walking,Black/White,All,60,,,Rare,Double Grass,
Karrablast,Route 11,Walking,Black 2,All,40,,,Rare,Double Grass,
Amoonguss,Route 11,Walking,Black 2/White 2,All,41,,,Rare,Double Grass,
Shelmet,Route 11,Walking,White 2,All,40,,,Rare,Double Grass,
Golduck,Route 11,Walking,Black/White,All,57,,,Uncommon,Double Grass,
Gligar,Route 11,Walking,Black/White,All,57-60,,,Uncommon,Double Grass,
Zangoose,Route 11,Walking,Black/White,All,58,,,Uncommon,Double Grass,
Seviper,Route 11,Walking,Black/White,All,58,,,Uncommon,Double Grass,
Amoonguss,Route 11,Walking,Black/White,All,58,,,Uncommon,Double Grass,
Golduck,Route 11,Walking,Black 2/White 2,All,40,,,Uncommon,Double Grass,
Marill,Route 11,Walking,Black 2/White 2,All,40,,,Uncommon,Double Grass,
Gligar,Route 11,Walking,Black 2/White 2,All,41-43,,,Uncommon,Double Grass,
Zangoose,Route 11,Walking,Black 2/White 2,All,42,,,Uncommon,Double Grass,
Seviper,Route 11,Walking,Black 2/White 2,All,42,,,Uncommon,Double Grass,
Audino,Route 11,Walking,Black/White,All,47-50,,,Common,Shaking/Bubbling spots,
Audino,Route 11,Walking,Black 2/White 2,All,36-39,,,Common,Shaking/Bubbling spots,
Gliscor,Route 11,Walking,Black/White,All,50,,,Rare,Shaking/Bubbling spots,
Azumarill,Route 11,Walking,Black 2/White 2,All,39,,,Rare,Shaking/Bubbling spots,
Gliscor,Route 11,Walking,Black 2/White 2,All,39,,,Rare,Shaking/Bubbling spots,
Emolga,Route 11,Walking,Black/White,All,48,,,Uncommon,Shaking/Bubbling spots,
Emolga,Route 11,Walking,Black 2/White 2,All,37,,,Uncommon,Shaking/Bubbling spots,
Paras,Route 11,Walking,White,All,47-48,,,Common,Swarm,
Shroomish,Route 11,Walking,Black,All,47-48,,,Common,Swarm,
Buizel,Route 11,Surfing,Black/White,All,25-55,,,Common,,
Basculin,Route 11,Surfing,Black/White,All,25-55,,,Common,,Red-Striped Form
Buizel,Route 11,Surfing,Black 2/White 2,All,25-40,,,Common,,
Basculin,Route 11,Surfing,Black 2/White 2,All,25-40,,,Common,,Red-Striped Form
Buizel,Route 11,Surfing,Black/White,All,25-60,,,Common,Shaking/Bubbling spots,
Basculin,Route 11,Surfing,Black/White,All,25-60,,,Common,Shaking/Bubbling spots,Red-Striped Form
Buizel,Route 11,Surfing,Black 2/White 2,All,25-40,,,Common,Shaking/Bubbling spots,
Basculin,Route 11,Surfing,Black 2/White 2,All,25-40,,,Common,Shaking/Bubbling spots,Red-Striped Form
Floatzel,Route 11,Surfing,Black/White,All,35-70,,,Uncommon,Shaking/Bubbling spots,
Floatzel,Route 11,Surfing,Black 2/White 2,All,30-40,,,Uncommon,Shaking/Bubbling spots,
Goldeen,Route 11,Super Rod,Black/White,All,35-55,,,Common,,
Basculin,Route 11,Super Rod,Black/White,All,35-55,,,Common,,Red-Striped Form
Goldeen,Route 11,Super Rod,Black 2,All,40-60,,,Common,,
Goldeen,Route 11,Super Rod,White 2,All,40-70,,,Common,,
Basculin,Route 11,Super Rod,Black 2,All,40-50,,,Common,,Red-Striped Form
Basculin,Route 11,Super Rod,White 2,All,40-60,,,Common,,Red-Striped Form
Goldeen,Route 11,Super Rod,Black/White,All,35-60,,,Common,Shaking/Bubbling spots,
Basculin,Route 11,Super Rod,Black/White,All,35-60,,,Common,Shaking/Bubbling spots,Red-Striped Form
Goldeen,Route 11,Super Rod,Black 2/White 2,All,40-60,,,Common,Shaking/Bubbling spots,
Basculin,Route 11,Super Rod,Black 2/White 2,All,40-60,,,Common,Shaking/Bubbling spots,Red-Striped Form
Seaking,Route 11,Super Rod,Black/White,All,35-70,,,Uncommon,Shaking/Bubbling spots,
Seaking,Route 11,Super Rod,Black 2/White 2,All,50-70,,,Uncommon,Shaking/Bubbling spots,
Virizion,Route 11,Interact,Black 2/White 2,All,45,,,Limited,,
Virizion,Route 11,Interact,Black 2/White 2,All,65,"If defeated first time, reappears after beating Elite Four",,Limited,,
Roselia,Route 12,Walking,Black 2/White 2,All,35-37,,,Common,,
Tranquill,Route 12,Walking,Black 2/White 2,All,36-38,,,Common,,
Pinsir,Route 12,Walking,Black/White,All,50,,,Rare,,
Dunsparce,Route 12,Walking,Black/White,All,48,,,Rare,,
Heracross,Route 12,Walking,Black/White,All,50,,,Rare,,
Metapod,Route 12,Walking,White,All,48,,,Uncommon,,
Kakuna,Route 12,Walking,Black,All,48,,,Uncommon,,
Rapidash,Route 12,Walking,Black/White,All,49,,,Uncommon,,
Sunkern,Route 12,Walking,Black/White,All,47,,,Uncommon,,
Combee,Route 12,Walking,Black/White,All,47,,,Uncommon,,
Cherrim,Route 12,Walking,Black/White,All,48,,,Uncommon,,
Tranquill,Route 12,Walking,Black/White,All,48-50,,,Uncommon,,
Pinsir,Route 12,Walking,White 2,All,36-38,,,Uncommon,,
Heracross,Route 12,Walking,Black 2,All,36-38,,,Uncommon,,
Combee,Route 12,Walking,Black 2/White 2,All,35,,,Uncommon,,
Sewaddle,Route 12,Walking,Black 2/White 2,All,36-38,,,Uncommon,,
Roselia,Route 12,Walking,Black 2/White 2,All,39-41,,,Common,Double Grass,
Tranquill,Route 12,Walking,Black 2/White 2,All,40-42,,,Common,Double Grass,
Pinsir,Route 12,Walking,Black/White,All,60,,,Rare,Double Grass,
Dunsparce,Route 12,Walking,Black/White,All,58,,,Rare,Double Grass,
Heracross,Route 12,Walking,Black/White,All,60,,,Rare,Double Grass,
Metapod,Route 12,Walking,White,All,58,,,Uncommon,Double Grass,
Kakuna,Route 12,Walking,Black,All,58,,,Uncommon,Double Grass,
Rapidash,Route 12,Walking,Black/White,All,59,,,Uncommon,Double Grass,
Sunkern,Route 12,Walking,Black/White,All,57,,,Uncommon,Double Grass,
Combee,Route 12,Walking,Black/White,All,57,,,Uncommon,Double Grass,
Cherrim,Route 12,Walking,Black/White,All,58,,,Uncommon,Double Grass,
Tranquill,Route 12,Walking,Black/White,All,58-60,,,Uncommon,Double Grass,
Pinsir,Route 12,Walking,White 2,All,40-42,,,Uncommon,Double Grass,
Heracross,Route 12,Walking,Black 2,All,40-42,,,Uncommon,Double Grass,
Combee,Route 12,Walking,Black 2/White 2,All,39,,,Uncommon,Double Grass,
Sewaddle,Route 12,Walking,Black 2/White 2,All,40-42,,,Uncommon,Double Grass,
Audino,Route 12,Walking,Black/White,All,47-50,,,Common,Shaking/Bubbling spots,
Audino,Route 12,Walking,Black 2/White 2,All,35-37,,,Common,Shaking/Bubbling spots,
Butterfree,Route 12,Walking,White,All,50,,,Rare,Shaking/Bubbling spots,
Beedrill,Route 12,Walking,Black,All,50,,,Rare,Shaking/Bubbling spots,
Sunflora,Route 12,Walking,Black/White,All,50,,,Rare,Shaking/Bubbling spots,
Vespiquen,Route 12,Walking,Black/White,All,50,,,Rare,Shaking/Bubbling spots,
Unfezant,Route 12,Walking,Black/White,All,50,,,Rare,Shaking/Bubbling spots,
Roserade,Route 12,Walking,Black 2/White 2,All,38,,,Rare,Shaking/Bubbling spots,
Vespiquen,Route 12,Walking,Black 2/White 2,All,38,,,Rare,Shaking/Bubbling spots,
Unfezant,Route 12,Walking,Black 2/White 2,All,38,,,Rare,Shaking/Bubbling spots,
Leavanny,Route 12,Walking,Black 2/White 2,All,38,,,Rare,Shaking/Bubbling spots,
Emolga,Route 12,Walking,Black/White,All,48,,,Uncommon,Shaking/Bubbling spots,
Dunsparce,Route 12,Walking,Black 2/White 2,All,36,,,Uncommon,Shaking/Bubbling spots,
Emolga,Route 12,Walking,Black 2/White 2,All,36,,,Uncommon,Shaking/Bubbling spots,
Doduo,Route 12,Walking,Black/White,All,47,,,Common,Swarm,
Tangela,Route 13,Walking,Black/White,All,47-49,,,Common,,
Tangela,Route 13,Walking,Black 2/White 2,All,34-37,,,Common,,
Pelipper,Route 13,Walking,Black 2/White 2,All,34-37,,,Common,,
Golbat,Route 13,Walking,Black/White,All,48-50,,,Uncommon,,
Swellow,Route 13,Walking,Black/White,All,47,,,Uncommon,,
Lunatone,Route 13,Walking,Black/White,All,48,,,Uncommon,,
Solrock,Route 13,Walking,Black/White,All,48,,,Uncommon,,
Absol,Route 13,Walking,Black/White,All,48-50,,,Uncommon,,
Drifblim,Route 13,Walking,Black/White,All,49,,,Uncommon,,
Lunatone,Route 13,Walking,Black 2/White 2,All,36,,,Uncommon,,
Solrock,Route 13,Walking,Black 2/White 2,All,36,,,Uncommon,,
Absol,Route 13,Walking,Black 2/White 2,All,35-37,,,Uncommon,,
Drifblim,Route 13,Walking,Black 2/White 2,All,34-35,,,Uncommon,,
Tangela,Route 13,Walking,Black/White,All,57-59,,,Common,Double Grass,
Tangela,Route 13,Walking,Black 2/White 2,All,38-41,,,Common,Double Grass,
Pelipper,Route 13,Walking,Black 2/White 2,All,38-41,,,Common,Double Grass,
Golbat,Route 13,Walking,Black/White,All,58-60,,,Uncommon,Double Grass,
Swellow,Route 13,Walking,Black/White,All,57,,,Uncommon,Double Grass,
Lunatone,Route 13,Walking,Black/White,All,58,,,Uncommon,Double Grass,
Solrock,Route 13,Walking,Black/White,All,58,,,Uncommon,Double Grass,
Absol,Route 13,Walking,Black/White,All,58-60,,,Uncommon,Double Grass,
Drifblim,Route 13,Walking,Black/White,All,59,,,Uncommon,Double Grass,
Lunatone,Route 13,Walking,Black 2/White 2,All,40,,,Uncommon,Double Grass,
Solrock,Route 13,Walking,Black 2/White 2,All,40,,,Uncommon,Double Grass,
Absol,Route 13,Walking,Black 2/White 2,All,39-41,,,Uncommon,Double Grass,
Drifblim,Route 13,Walking,Black 2/White 2,All,38-39,,,Uncommon,Double Grass,
Audino,Route 13,Walking,Black/White,All,47-50,,,Common,Shaking/Bubbling spots,
Audino,Route 13,Walking,Black 2/White 2,All,34-37,,,Common,Shaking/Bubbling spots,
Crobat,Route 13,Walking,Black/White,All,50,,,Rare,Shaking/Bubbling spots,
Tangrowth,Route 13,Walking,Black/White,All,50,,,Rare,Shaking/Bubbling spots,
Tangrowth,Route 13,Walking,Black 2/White 2,All,37,,,Rare,Shaking/Bubbling spots,
Emolga,Route 13,Walking,Black 2/White 2,All,35,,,Uncommon,Shaking/Bubbling spots,
Shuppet,Route 13,Walking,Black/White,All,47,,,Common,Swarm,
Staryu,Route 13,Surfing,Black/White,All,25-55,,,Common,,
Wingull,Route 13,Surfing,Black/White,All,25-55,,,Common,,
Staryu,Route 13,Surfing,Black 2/White 2,All,25-40,,,Common,,
Frillish,Route 13,Surfing,Black 2/White 2,All,25-40,,,Common,,
Basculin,Route 13,Surfing,Black 2/White 2,All,30-40,,,Rare,,Red-Striped Form
Pelipper,Route 13,Surfing,Black/White,All,25-55,,,Uncommon,,
Staryu,Route 13,Surfing,Black/White,All,25-60,,,Common,Shaking/Bubbling spots,
Corsola,Route 13,Surfing,Black/White,All,25-60,,,Common,Shaking/Bubbling spots,
Staryu,Route 13,Surfing,Black 2/White 2,All,25-40,,,Common,Shaking/Bubbling spots,
Jellicent,Route 13,Surfing,Black 2/White 2,All,25-40,,,Common,Shaking/Bubbling spots,
Starmie,Route 13,Surfing,Black 2/White 2,All,30-40,,,Rare,Shaking/Bubbling spots,
Basculin,Route 13,Surfing,Black 2/White 2,All,30-40,,,Rare,Shaking/Bubbling spots,Red-Striped Form
Starmie,Route 13,Surfing,Black/White,All,35-70,,,Uncommon,Shaking/Bubbling spots,
Shellder,Route 13,Super Rod,Black/White,All,35-55,,,Common,,
Krabby,Route 13,Super Rod,Black/White,All,35-55,,,Common,,
Shellder,Route 13,Super Rod,Black 2/White 2,All,40-60,,,Common,,
Luvdisc,Route 13,Super Rod,Black 2/White 2,All,40-70,,,Common,,
Luvdisc,Route 13,Super Rod,Black/White,All,35-55,,,Uncommon,,
Shellder,Route 13,Super Rod,Black/White,All,35-60,,,Common,Shaking/Bubbling spots,
Luvdisc,Route 13,Super Rod,Black/White,All,35-60,,,Common,Shaking/Bubbling spots,
Shellder,Route 13,Super Rod,Black 2/White 2,All,40-70,,,Common,Shaking/Bubbling spots,
Luvdisc,Route 13,Super Rod,Black 2/White 2,All,40-60,,,Common,Shaking/Bubbling spots,
Cloyster,Route 13,Super Rod,Black/White,All,45-70,,,Rare,Shaking/Bubbling spots,
Kingler,Route 13,Super Rod,Black/White,All,35-70,,,Rare,Shaking/Bubbling spots,
Cloyster,Route 13,Super Rod,Black 2/White 2,All,50-70,,,Rare,Shaking/Bubbling spots,
Cobalion,Route 13,Interact,Black 2/White 2,All,45,,,Limited,,
Cobalion,Route 13,Interact,Black 2/White 2,All,65,"If defeated first time, reappears after beating Elite Four",,Limited,,
Golduck,Route 14,Walking,Black 2/White 2,All,34-35,,,Common,,
Shuckle,Route 14,Walking,Black/White,All,49,,,Rare,,
Altaria,Route 14,Walking,Black 2/White 2,All,36,,,Rare,,
Jigglypuff,Route 14,Walking,Black/White,All,48,,,Uncommon,,
Golduck,Route 14,Walking,Black/White,All,47,,,Uncommon,,
Altaria,Route 14,Walking,Black/White,All,49,,,Uncommon,,
Tropius,Route 14,Walking,Black/White,All,48-50,,,Uncommon,,
Drifblim,Route 14,Walking,Black/White,All,49,,,Uncommon,,
Beheeyem,Route 14,Walking,Black/White,All,48-50,,,Uncommon,,
Mienfoo,Route 14,Walking,Black/White,All,49,,,Uncommon,,
Swablu,Route 14,Walking,Black 2/White 2,All,33,,,Uncommon,,
Absol,Route 14,Walking,Black 2/White 2,All,34-36,,,Uncommon,,
Drifblim,Route 14,Walking,Black 2/White 2,All,34-35,,,Uncommon,,
Mienfoo,Route 14,Walking,Black 2/White 2,All,33-35,,,Uncommon,,
Golduck,Route 14,Walking,Black 2,All,37-39,,,Common,Double Grass,
Golduck,Route 14,Walking,White 2,All,38-39,,,Common,Double Grass,
Mienfoo,Route 14,Walking,Black 2/White 2,All,37-39,,,Common,Double Grass,
Shuckle,Route 14,Walking,Black/White,All,59,,,Rare,Double Grass,
Jigglypuff,Route 14,Walking,Black/White,All,58,,,Uncommon,Double Grass,
Golduck,Route 14,Walking,Black/White,All,57,,,Uncommon,Double Grass,
Altaria,Route 14,Walking,Black/White,All,59,,,Uncommon,Double Grass,
Tropius,Route 14,Walking,Black/White,All,58-60,,,Uncommon,Double Grass,
Drifblim,Route 14,Walking,Black/White,All,59,,,Uncommon,Double Grass,
Beheeyem,Route 14,Walking,Black/White,All,58-60,,,Uncommon,Double Grass,
Mienshao,Route 14,Walking,Black/White,All,59,,,Uncommon,Double Grass,
Altaria,Route 14,Walking,Black 2/White 2,All,37-40,,,Uncommon,Double Grass,
Absol,Route 14,Walking,Black 2/White 2,All,38-40,,,Uncommon,Double Grass,
Drifblim,Route 14,Walking,Black 2/White 2,All,38-39,,,Uncommon,Double Grass,
Audino,Route 14,Walking,Black/White,All,47-50,,,Common,Shaking/Bubbling spots,
Audino,Route 14,Walking,Black 2/White 2,All,33-36,,,Common,Shaking/Bubbling spots,
Wigglytuff,Route 14,Walking,Black/White,All,50,,,Rare,Shaking/Bubbling spots,
Emolga,Route 14,Walking,Black 2/White 2,All,34,,,Uncommon,Shaking/Bubbling spots,
Yanma,Route 14,Walking,Black/White,All,47,,,Common,Swarm,
Buizel,Route 14,Surfing,Black/White,All,25-55,,,Common,,
Basculin,Route 14,Surfing,Black/White,All,25-55,,,Common,,Red-Striped Form
Buizel,Route 14,Surfing,Black 2,All,15-35,,,Common,,
Buizel,Route 14,Surfing,White 2,All,25-40,,,Common,,
Basculin,Route 14,Surfing,Black 2,All,15-35,,,Common,,Red-Striped Form
Basculin,Route 14,Surfing,White 2,All,25-40,,,Common,,Red-Striped Form
Buizel,Route 14,Surfing,Black/White,All,25-60,,,Common,Shaking/Bubbling spots,
Basculin,Route 14,Surfing,Black/White,All,25-60,,,Common,Shaking/Bubbling spots,Red-Striped Form
Buizel,Route 14,Surfing,Black 2,All,15-40,,,Common,Shaking/Bubbling spots,
Buizel,Route 14,Surfing,White 2,All,25-40,,,Common,Shaking/Bubbling spots,
Basculin,Route 14,Surfing,Black 2,All,15-40,,,Common,Shaking/Bubbling spots,Red-Striped Form
Basculin,Route 14,Surfing,White 2,All,25-40,,,Common,Shaking/Bubbling spots,Red-Striped Form
Floatzel,Route 14,Surfing,Black/White,All,35-70,,,Uncommon,Shaking/Bubbling spots,
Floatzel,Route 14,Surfing,Black 2,All,25-40,,,Uncommon,Shaking/Bubbling spots,
Floatzel,Route 14,Surfing,White 2,All,30-40,,,Uncommon,Shaking/Bubbling spots,
Goldeen,Route 14,Super Rod,Black/White,All,35-55,,,Common,,
Basculin,Route 14,Super Rod,White,All,35-55,,,Common,,Red-Striped Form
Goldeen,Route 14,Super Rod,Black 2/White 2,All,40-70,,,Common,,
Basculin,Route 14,Super Rod,Black 2/White 2,All,40-60,,,Common,,Red-Striped Form
Basculin,Route 14,Super Rod,Black,All,35-55,,,Rare,,Red-Striped Form
Goldeen,Route 14,Super Rod,Black/White,All,35-60,,,Common,Shaking/Bubbling spots,
Basculin,Route 14,Super Rod,Black/White,All,35-60,,,Common,Shaking/Bubbling spots,Red-Striped Form
Goldeen,Route 14,Super Rod,Black 2/White 2,All,40-60,,,Common,Shaking/Bubbling spots,
Basculin,Route 14,Super Rod,Black 2/White 2,All,40-60,,,Common,Shaking/Bubbling spots,Red-Striped Form
Seaking,Route 14,Super Rod,Black/White,All,35-70,,,Uncommon,Shaking/Bubbling spots,
Seaking,Route 14,Super Rod,Black 2/White 2,All,50-70,,,Uncommon,Shaking/Bubbling spots,
Fearow,Route 15,Walking,Black/White,All,48-50,,,Common,,
Sandslash,Route 15,Walking,Black 2/White 2,All,54-56,,,Common,,
Gligar,Route 15,Walking,Black 2/White 2,All,55-57,,,Common,,
Marowak,Route 15,Walking,Black/White,All,47,,,Uncommon,,
Kangaskhan,Route 15,Walking,Black/White,All,49,,,Uncommon,,
Gligar,Route 15,Walking,Black/White,All,47-49,,,Uncommon,,
Pupitar,Route 15,Walking,Black/White,All,50,,,Uncommon,,
Throh,Route 15,Walking,White,All,48-49,,,Uncommon,,
Sawk,Route 15,Walking,Black,All,48-49,,,Uncommon,,
Pupitar,Route 15,Walking,Black 2/White 2,All,55-57,,,Uncommon,,
Throh,Route 15,Walking,White 2,All,55-57,,,Uncommon,,
Sawk,Route 15,Walking,Black 2,All,55-57,,,Uncommon,,
Scrafty,Route 15,Walking,Black 2/White 2,All,55,,,Uncommon,,
Fearow,Route 15,Walking,Black/White,All,58-60,,,Common,Double Grass,
Sandslash,Route 15,Walking,Black 2/White 2,All,62-64,,,Common,Double Grass,
Gligar,Route 15,Walking,Black 2/White 2,All,63-65,,,Common,Double Grass,
Watchog,Route 15,Walking,Black/White,All,60,,,Rare,Double Grass,
Marowak,Route 15,Walking,Black/White,All,57,,,Uncommon,Double Grass,
Kangaskhan,Route 15,Walking,Black/White,All,59,,,Uncommon,Double Grass,
Gligar,Route 15,Walking,Black/White,All,57,,,Uncommon,Double Grass,
Pupitar,Route 15,Walking,Black/White,All,60,,,Uncommon,Double Grass,
Throh,Route 15,Walking,White,All,58-59,,,Uncommon,Double Grass,
Sawk,Route 15,Walking,Black,All,58-59,,,Uncommon,Double Grass,
Pupitar,Route 15,Walking,Black 2/White 2,All,63-65,,,Uncommon,Double Grass,
Throh,Route 15,Walking,White 2,All,63-65,,,Uncommon,Double Grass,
Sawk,Route 15,Walking,Black 2,All,63-65,,,Uncommon,Double Grass,
Scrafty,Route 15,Walking,Black 2/White 2,All,63,,,Uncommon,Double Grass,
Audino,Route 15,Walking,Black/White,All,47-50,,,Common,Shaking/Bubbling spots,
Audino,Route 15,Walking,Black 2/White 2,All,54-57,,,Common,Shaking/Bubbling spots,
Tyranitar,Route 15,Walking,Black/White,All,50,,,Rare,Shaking/Bubbling spots,
Gliscor,Route 15,Walking,Black/White,All,50,,,Rare,Shaking/Bubbling spots,
Throh,Route 15,Walking,Black,All,50,,,Rare,Shaking/Bubbling spots,
Sawk,Route 15,Walking,White,All,50,,,Rare,Shaking/Bubbling spots,
Tyranitar,Route 15,Walking,Black 2/White 2,All,57,,,Rare,Shaking/Bubbling spots,
Gliscor,Route 15,Walking,Black 2/White 2,All,57,,,Rare,Shaking/Bubbling spots,
Throh,Route 15,Walking,Black 2,All,57,,,Rare,Shaking/Bubbling spots,
Sawk,Route 15,Walking,White 2,All,57,,,Rare,Shaking/Bubbling spots,
Emolga,Route 15,Walking,Black/White,All,48,,,Uncommon,Shaking/Bubbling spots,
Emolga,Route 15,Walking,Black 2/White 2,All,55,,,Uncommon,Shaking/Bubbling spots,
Mankey,Route 15,Walking,Black/White,All,47-48,,,Common,Swarm,
Rotom,Route 15,Trade,Black/White/Black 2/White 2,All,60,Trade Ditto,,Limited,,
